[
  {
    "label": "Aveiro",
    "value": "Aveiro"
  },
  {
    "label": "Beja",
    "value": "Beja"
  },
  {
    "label": "Braga",
    "value": "Braga"
  },
  {
    "label": "Bragança",
    "value": "Bragança"
  },
  {
    "label": "Castelo Branco",
    "value": "Castelo Branco"
  },
  {
    "label": "Coimbra",
    "value": "Coimbra"
  },
  {
    "label": "Évora",
    "value": "Évora"
  },
  {
    "label": "Faro",
    "value": "Faro"
  },
  {
    "label": "Guarda",
    "value": "Guarda"
  },
  {
    "label": "Leiria",
    "value": "Leiria"
  },
  {
    "label": "Setúbal",
    "value": "Setúbal"
  },
  {
    "label": "Lisboa",
    "value": "Lisboa"
  },
  {
    "label": "Portalegre",
    "value": "Portalegre"
  },
  {
    "label": "Porto",
    "value": "Porto"
  },
  {
    "label": "Santarém",
    "value": "Santarém"
  },
  {
    "label": "Viana do Castelo",
    "value": "Viana do Castelo"
  },
  {
    "label": "Vila Real",
    "value": "Vila Real"
  },
  {
    "label": "Viseu",
    "value": "Viseu"
  }
]
